lead_id,first_name,last_name,email,job_title,industry,company_size
LEAD-100,Elena ,HASSAN,elena.hassan@enterprise.com,Head of Revenue,Manufacturing,
LEAD-101,mIchael,Chang,michael.chang@enterprise.com,Head of Revenue,Retail,51-200
LEAD-102, David,HASSAN,david.hassan@techcorp.io,Sales Rep,Healthcare,201-500
LEAD-103,Ahmadi,SMITH,ahmadi.smith@yahoo.com,Chief Executive Officer,Manufacturing,201-500
LEAD-104, john,SMITH,john.smith@enterprise.com,VP of Sales,Healthcare,201-500
LEAD-105,Elena ,miller,elena.miller@enterprise.com,Sales Rep,Retail,1-10
LEAD-106,mIchael,HASSAN,michael.hassan@enterprise.com,Founder,Manufacturing,1-10
LEAD-107,SARAH,rostova,sarah.rostova@gmail.com,Sales Rep,Healthcare,11-50
LEAD-108, john,jenkins ,john.jenkins@innovate.co,Chief Executive Officer,Retail,201-500
LEAD-109,Elena ,rostova,elena.rostova@innovate.co,Founder,Finance,1-10
LEAD-110,Elena ,jenkins ,elena.hassan@enterprise.com,Chief Executive Officer,Healthcare,201-500
LEAD-111, David,HASSAN,david.hassan@techcorp.io,Chief Executive Officer,Retail,11-50
LEAD-112,SARAH,miller,sarah.miller@yahoo.com,Data Analyst,Retail,1-10
LEAD-113, David,HASSAN,david.hassan@innovate.co,Chief Executive Officer,Manufacturing,11-50
LEAD-114, john,rostova,john.rostova@yahoo.com,Sales Rep,Manufacturing,1-10
LEAD-115,Ahmadi,HASSAN,ahmadi.hassan@gmail.com,CEO,Software,
LEAD-116,Elena ,Chang,elena.chang@enterprise.com,CEO,Finance,51-200
LEAD-117, john,Chang,john.chang@innovate.co,Chief Executive Officer,Healthcare,1-10
LEAD-118,Elena ,SMITH,elena.smith@yahoo.com,Chief Executive Officer,Software,500+
LEAD-119,mIchael,rostova,michael.rostova@enterprise.com,VP of Sales,Software,51-200
LEAD-120,Ahmadi,miller,elena.hassan@enterprise.com,CEO,Manufacturing,11-50
LEAD-121, David,Chang,david.chang@gmail.com,Founder,Healthcare,11-50
LEAD-122,Elena ,HASSAN,elena.hassan@enterprise.com,Founder,Software,201-500
LEAD-123,Ahmadi,rostova,ahmadi.rostova@innovate.co,Founder,Manufacturing,51-200
LEAD-124,Ahmadi,rostova,ahmadi.rostova@innovate.co,Founder,Finance,51-200
LEAD-125, David,rostova,david.rostova@techcorp.io,Chief Executive Officer,Manufacturing,1-10
LEAD-126,Ahmadi,miller,ahmadi.miller@yahoo.com,Sales Rep,Retail,201-500
LEAD-127,Elena ,miller,elena.miller@enterprise.com,Chief Executive Officer,Retail,1-10
LEAD-128, David,SMITH,david.smith@gmail.com,CEO,Finance,1-10
LEAD-129,Elena ,HASSAN,elena.hassan@gmail.com,VP of Sales,Finance,1-10
LEAD-130, David,HASSAN,elena.hassan@enterprise.com,VP of Sales,Healthcare,
LEAD-131,mIchael,miller,michael.miller@gmail.com,Sales Rep,Software,1-10
LEAD-132,SARAH,rostova,sarah.rostova@yahoo.com,Data Analyst,Healthcare,51-200
LEAD-133, john,HASSAN,john.hassan@gmail.com,CEO,Finance,1-10
LEAD-134,SARAH,jenkins ,sarah.jenkins@yahoo.com,Data Analyst,Manufacturing,1-10
LEAD-135, john,Chang,john.chang@techcorp.io,Head of Revenue,Retail,11-50
LEAD-136, David,rostova,david.rostova@enterprise.com,VP of Sales,Software,500+
LEAD-137,Elena ,jenkins ,elena.jenkins@enterprise.com,Founder,Software,1-10
LEAD-138,Elena ,Chang,elena.chang@innovate.co,VP of Sales,Retail,201-500
LEAD-139,mIchael,rostova,michael.rostova@enterprise.com,Chief Executive Officer,Finance,51-200
LEAD-140,Elena ,rostova,elena.hassan@enterprise.com,CEO,Healthcare,1-10
LEAD-141,mIchael,rostova,michael.rostova@gmail.com,CEO,Healthcare,11-50
LEAD-142,mIchael,rostova,michael.rostova@techcorp.io,CEO,Retail,201-500
LEAD-143, john,jenkins ,john.jenkins@gmail.com,Data Analyst,Retail,500+
LEAD-144,Ahmadi,Chang,ahmadi.chang@gmail.com,CEO,Finance,51-200
LEAD-145,mIchael,rostova,michael.rostova@gmail.com,Sales Rep,Finance,
LEAD-146,Elena ,miller,elena.miller@yahoo.com,Data Analyst,Finance,1-10
LEAD-147,mIchael,SMITH,michael.smith@innovate.co,Chief Executive Officer,Healthcare,11-50
LEAD-148, David,Chang,david.chang@innovate.co,CEO,Retail,1-10
LEAD-149,Elena ,SMITH,elena.smith@innovate.co,Sales Rep,Finance,1-10
LEAD-150, john,rostova,elena.hassan@enterprise.com,VP of Sales,Manufacturing,51-200
LEAD-151, David,Chang,david.chang@enterprise.com,Chief Executive Officer,Manufacturing,1-10
LEAD-152,Elena ,SMITH,elena.smith@innovate.co,Sales Rep,Manufacturing,51-200
LEAD-153,Elena ,Chang,elena.chang@gmail.com,CEO,Retail,201-500
LEAD-154, David,HASSAN,david.hassan@innovate.co,Data Analyst,Finance,201-500
LEAD-155, john,HASSAN,john.hassan@innovate.co,CEO,Manufacturing,51-200
LEAD-156,Elena ,SMITH,elena.smith@yahoo.com,Founder,Manufacturing,500+
LEAD-157, john,Chang,john.chang@techcorp.io,CEO,Healthcare,11-50
LEAD-158,mIchael,miller,michael.miller@techcorp.io,Founder,Healthcare,51-200
LEAD-159,SARAH,jenkins ,sarah.jenkins@techcorp.io,CEO,Software,1-10
LEAD-160,mIchael,miller,elena.hassan@enterprise.com,Chief Executive Officer,Healthcare,
LEAD-161,SARAH,SMITH,sarah.smith@innovate.co,Sales Rep,Healthcare,1-10
LEAD-162,Elena ,HASSAN,elena.hassan@yahoo.com,CEO,Retail,51-200
LEAD-163,Elena ,jenkins ,elena.jenkins@techcorp.io,Founder,Finance,1-10
LEAD-164,SARAH,miller,sarah.miller@innovate.co,Data Analyst,Healthcare,11-50
LEAD-165, David,SMITH,david.smith@yahoo.com,Chief Executive Officer,Finance,201-500
LEAD-166,Ahmadi,SMITH,ahmadi.smith@innovate.co,Sales Rep,Retail,201-500
LEAD-167,Ahmadi,rostova,ahmadi.rostova@innovate.co,Sales Rep,Finance,201-500
LEAD-168,Ahmadi,jenkins ,ahmadi.jenkins@yahoo.com,Chief Executive Officer,Finance,1-10
LEAD-169,mIchael,rostova,michael.rostova@techcorp.io,Founder,Healthcare,500+
LEAD-170,SARAH,HASSAN,elena.hassan@enterprise.com,Sales Rep,Manufacturing,1-10
LEAD-171,SARAH,jenkins ,sarah.jenkins@gmail.com,Founder,Healthcare,1-10
LEAD-172,Ahmadi,HASSAN,ahmadi.hassan@gmail.com,Head of Revenue,Manufacturing,500+
LEAD-173,mIchael,rostova,michael.rostova@techcorp.io,VP of Sales,Manufacturing,1-10
LEAD-174,Ahmadi,miller,ahmadi.miller@yahoo.com,Head of Revenue,Software,201-500
LEAD-175,Ahmadi,rostova,ahmadi.rostova@techcorp.io,Chief Executive Officer,Manufacturing,
LEAD-176, john,miller,john.miller@innovate.co,Founder,Healthcare,11-50
LEAD-177, David,HASSAN,david.hassan@yahoo.com,Chief Executive Officer,Retail,11-50
LEAD-178,SARAH,Chang,sarah.chang@techcorp.io,CEO,Manufacturing,500+
LEAD-179,Elena ,jenkins ,elena.jenkins@gmail.com,Sales Rep,Finance,201-500
LEAD-180,Elena ,jenkins ,elena.hassan@enterprise.com,Sales Rep,Software,1-10
LEAD-181,Ahmadi,Chang,ahmadi.chang@enterprise.com,Head of Revenue,Retail,51-200
LEAD-182, john,SMITH,john.smith@techcorp.io,VP of Sales,Retail,500+
LEAD-183,Ahmadi,rostova,ahmadi.rostova@techcorp.io,Head of Revenue,Finance,11-50
LEAD-184,mIchael,SMITH,michael.smith@techcorp.io,Head of Revenue,Healthcare,11-50
LEAD-185,SARAH,miller,sarah.miller@techcorp.io,VP of Sales,Software,201-500
LEAD-186,SARAH,HASSAN,sarah.hassan@techcorp.io,Head of Revenue,Finance,500+
LEAD-187,Elena ,SMITH,elena.smith@innovate.co,Head of Revenue,Software,201-500
LEAD-188,SARAH,HASSAN,sarah.hassan@gmail.com,VP of Sales,Software,51-200
LEAD-189,Elena ,jenkins ,elena.jenkins@gmail.com,Founder,Manufacturing,201-500
LEAD-190, john,HASSAN,elena.hassan@enterprise.com,VP of Sales,Software,
LEAD-191, john,miller,john.miller@yahoo.com,CEO,Manufacturing,51-200
LEAD-192,mIchael,SMITH,michael.smith@yahoo.com,Sales Rep,Manufacturing,1-10
LEAD-193,mIchael,rostova,michael.rostova@gmail.com,Founder,Retail,201-500
LEAD-194,mIchael,jenkins ,michael.jenkins@innovate.co,Head of Revenue,Finance,201-500
LEAD-195, john,rostova,john.rostova@enterprise.com,Head of Revenue,Retail,500+
LEAD-196, john,HASSAN,john.hassan@innovate.co,Chief Executive Officer,Healthcare,11-50
LEAD-197,Ahmadi,Chang,ahmadi.chang@innovate.co,VP of Sales,Finance,11-50
LEAD-198,Elena ,SMITH,elena.smith@techcorp.io,Chief Executive Officer,Retail,1-10
LEAD-199,Ahmadi,miller,ahmadi.miller@innovate.co,Chief Executive Officer,Software,11-50
LEAD-200,mIchael,jenkins ,elena.hassan@enterprise.com,Head of Revenue,Manufacturing,500+
LEAD-201, David,Chang,david.chang@innovate.co,CEO,Retail,1-10
LEAD-202, john,HASSAN,john.hassan@yahoo.com,Sales Rep,Retail,51-200
LEAD-203,Ahmadi,rostova,ahmadi.rostova@enterprise.com,Chief Executive Officer,Healthcare,51-200
LEAD-204, David,Chang,david.chang@innovate.co,Head of Revenue,Healthcare,201-500
LEAD-205, David,jenkins ,david.jenkins@yahoo.com,Sales Rep,Manufacturing,
LEAD-206, john,Chang,john.chang@innovate.co,Sales Rep,Software,201-500
LEAD-207, john,SMITH,john.smith@gmail.com,Data Analyst,Manufacturing,11-50
LEAD-208,Elena ,HASSAN,elena.hassan@innovate.co,Head of Revenue,Manufacturing,500+
LEAD-209,mIchael,rostova,michael.rostova@innovate.co,Sales Rep,Finance,51-200
LEAD-210,Elena ,SMITH,elena.hassan@enterprise.com,Founder,Software,1-10
LEAD-211, David,SMITH,david.smith@innovate.co,Data Analyst,Finance,1-10
LEAD-212,mIchael,rostova,michael.rostova@techcorp.io,Data Analyst,Retail,201-500
LEAD-213,Ahmadi,jenkins ,ahmadi.jenkins@yahoo.com,Sales Rep,Healthcare,11-50
LEAD-214,Elena ,jenkins ,elena.jenkins@yahoo.com,Sales Rep,Manufacturing,1-10
LEAD-215,Elena ,Chang,elena.chang@gmail.com,CEO,Software,500+
LEAD-216,Elena ,HASSAN,elena.hassan@yahoo.com,Head of Revenue,Manufacturing,51-200
LEAD-217,Ahmadi,miller,ahmadi.miller@techcorp.io,VP of Sales,Manufacturing,1-10
LEAD-218,SARAH,jenkins ,sarah.jenkins@techcorp.io,VP of Sales,Manufacturing,500+
LEAD-219, john,miller,john.miller@gmail.com,Chief Executive Officer,Software,51-200
LEAD-220,Ahmadi,jenkins ,elena.hassan@enterprise.com,Data Analyst,Finance,
LEAD-221, john,HASSAN,john.hassan@gmail.com,Chief Executive Officer,Software,51-200
LEAD-222, john,HASSAN,john.hassan@yahoo.com,CEO,Manufacturing,500+
LEAD-223, David,Chang,david.chang@innovate.co,Founder,Manufacturing,500+
LEAD-224,Ahmadi,jenkins ,ahmadi.jenkins@techcorp.io,VP of Sales,Software,500+
LEAD-225, David,SMITH,david.smith@gmail.com,VP of Sales,Manufacturing,500+
LEAD-226,Elena ,miller,elena.miller@gmail.com,CEO,Healthcare,201-500
LEAD-227,SARAH,jenkins ,sarah.jenkins@techcorp.io,Data Analyst,Finance,51-200
LEAD-228,SARAH,rostova,sarah.rostova@gmail.com,Data Analyst,Retail,500+
LEAD-229, David,miller,david.miller@enterprise.com,CEO,Software,500+
LEAD-230,Ahmadi,miller,elena.hassan@enterprise.com,VP of Sales,Finance,201-500
LEAD-231,SARAH,miller,sarah.miller@techcorp.io,Chief Executive Officer,Healthcare,51-200
LEAD-232,mIchael,jenkins ,michael.jenkins@yahoo.com,CEO,Software,201-500
LEAD-233, David,jenkins ,david.jenkins@enterprise.com,CEO,Manufacturing,500+
LEAD-234,Elena ,jenkins ,elena.jenkins@gmail.com,Chief Executive Officer,Software,201-500
LEAD-235,Elena ,HASSAN,elena.hassan@techcorp.io,Data Analyst,Manufacturing,
LEAD-236,Ahmadi,miller,ahmadi.miller@enterprise.com,VP of Sales,Finance,51-200
LEAD-237, john,Chang,john.chang@yahoo.com,Sales Rep,Software,51-200
LEAD-238,mIchael,Chang,michael.chang@innovate.co,Chief Executive Officer,Manufacturing,11-50
LEAD-239,mIchael,Chang,michael.chang@innovate.co,Head of Revenue,Healthcare,201-500
LEAD-240,SARAH,HASSAN,elena.hassan@enterprise.com,Data Analyst,Software,500+
LEAD-241, john,rostova,john.rostova@techcorp.io,Data Analyst,Healthcare,1-10
LEAD-242, David,jenkins ,david.jenkins@innovate.co,VP of Sales,Software,11-50
LEAD-243, john,SMITH,john.smith@enterprise.com,Founder,Manufacturing,1-10
LEAD-244,SARAH,rostova,sarah.rostova@gmail.com,CEO,Finance,500+
LEAD-245,Elena ,miller,elena.miller@techcorp.io,Sales Rep,Healthcare,500+
LEAD-246,SARAH,miller,sarah.miller@enterprise.com,VP of Sales,Finance,51-200
LEAD-247,Elena ,HASSAN,elena.hassan@techcorp.io,Chief Executive Officer,Finance,51-200
LEAD-248, john,HASSAN,john.hassan@yahoo.com,Chief Executive Officer,Software,1-10
LEAD-249, David,jenkins ,david.jenkins@yahoo.com,CEO,Software,500+
LEAD-250,Elena ,SMITH,elena.hassan@enterprise.com,Chief Executive Officer,Finance,
LEAD-251,Ahmadi,jenkins ,ahmadi.jenkins@yahoo.com,Founder,Healthcare,1-10
LEAD-252,Elena ,Chang,elena.chang@techcorp.io,CEO,Manufacturing,201-500
LEAD-253,SARAH,jenkins ,sarah.jenkins@enterprise.com,VP of Sales,Manufacturing,500+
LEAD-254, john,SMITH,john.smith@innovate.co,Data Analyst,Manufacturing,201-500
LEAD-255, David,Chang,david.chang@gmail.com,Founder,Finance,51-200
LEAD-256,Ahmadi,rostova,ahmadi.rostova@techcorp.io,Sales Rep,Retail,51-200
LEAD-257,Elena ,miller,elena.miller@gmail.com,Data Analyst,Finance,1-10
LEAD-258,SARAH,Chang,sarah.chang@techcorp.io,VP of Sales,Manufacturing,201-500
LEAD-259,Ahmadi,miller,ahmadi.miller@techcorp.io,Data Analyst,Retail,51-200
LEAD-260,Elena ,SMITH,elena.hassan@enterprise.com,CEO,Retail,1-10
LEAD-261,SARAH,miller,sarah.miller@innovate.co,Data Analyst,Finance,201-500
LEAD-262,Ahmadi,Chang,ahmadi.chang@enterprise.com,CEO,Healthcare,11-50
LEAD-263,Ahmadi,jenkins ,ahmadi.jenkins@yahoo.com,Chief Executive Officer,Manufacturing,11-50
LEAD-264,Elena ,SMITH,elena.smith@innovate.co,CEO,Software,1-10
LEAD-265,mIchael,miller,michael.miller@enterprise.com,Data Analyst,Software,
LEAD-266, David,rostova,david.rostova@yahoo.com,Chief Executive Officer,Manufacturing,51-200
LEAD-267, john,jenkins ,john.jenkins@yahoo.com,VP of Sales,Finance,1-10
LEAD-268, David,rostova,david.rostova@innovate.co,VP of Sales,Software,500+
LEAD-269, David,rostova,david.rostova@enterprise.com,Head of Revenue,Manufacturing,500+
LEAD-270,mIchael,Chang,elena.hassan@enterprise.com,Data Analyst,Retail,1-10
LEAD-271,Ahmadi,jenkins ,ahmadi.jenkins@gmail.com,Chief Executive Officer,Finance,500+
LEAD-272, David,SMITH,david.smith@gmail.com,CEO,Software,1-10
LEAD-273,SARAH,miller,sarah.miller@innovate.co,VP of Sales,Finance,51-200
LEAD-274,mIchael,jenkins ,michael.jenkins@yahoo.com,Founder,Manufacturing,1-10
LEAD-275,Elena ,miller,elena.miller@enterprise.com,Sales Rep,Manufacturing,1-10
LEAD-276, john,HASSAN,john.hassan@innovate.co,VP of Sales,Software,201-500
LEAD-277, David,jenkins ,david.jenkins@techcorp.io,Head of Revenue,Finance,11-50
LEAD-278, john,miller,john.miller@innovate.co,Founder,Retail,500+
LEAD-279,Elena ,HASSAN,elena.hassan@innovate.co,Head of Revenue,Retail,201-500
LEAD-280,Ahmadi,jenkins ,elena.hassan@enterprise.com,Founder,Finance,
LEAD-281,Elena ,rostova,elena.rostova@techcorp.io,VP of Sales,Finance,500+
LEAD-282,Elena ,Chang,elena.chang@techcorp.io,Data Analyst,Healthcare,51-200
LEAD-283,Elena ,jenkins ,elena.jenkins@innovate.co,Data Analyst,Healthcare,1-10
LEAD-284, john,rostova,john.rostova@enterprise.com,Sales Rep,Retail,201-500
LEAD-285,Elena ,HASSAN,elena.hassan@innovate.co,Founder,Healthcare,1-10
LEAD-286,Elena ,jenkins ,elena.jenkins@gmail.com,Data Analyst,Finance,500+
LEAD-287, David,SMITH,david.smith@enterprise.com,Founder,Software,500+
LEAD-288,Ahmadi,jenkins ,ahmadi.jenkins@yahoo.com,Data Analyst,Software,1-10
LEAD-289, David,Chang,david.chang@innovate.co,Founder,Software,500+
LEAD-290, john,jenkins ,elena.hassan@enterprise.com,CEO,Manufacturing,11-50
LEAD-291, john,Chang,john.chang@yahoo.com,CEO,Healthcare,51-200
LEAD-292, David,jenkins ,david.jenkins@techcorp.io,VP of Sales,Healthcare,51-200
LEAD-293, john,Chang,john.chang@enterprise.com,Sales Rep,Finance,51-200
LEAD-294, David,SMITH,david.smith@yahoo.com,Data Analyst,Manufacturing,1-10
LEAD-295, john,HASSAN,john.hassan@enterprise.com,Data Analyst,Healthcare,
LEAD-296,SARAH,HASSAN,sarah.hassan@gmail.com,Founder,Software,201-500
LEAD-297, john,SMITH,john.smith@yahoo.com,Data Analyst,Retail,500+
LEAD-298, john,SMITH,john.smith@innovate.co,Data Analyst,Finance,51-200
LEAD-299,mIchael,miller,michael.miller@innovate.co,CEO,Manufacturing,500+
LEAD-300, David,Chang,elena.hassan@enterprise.com,CEO,Finance,11-50
LEAD-301,SARAH,miller,sarah.miller@yahoo.com,CEO,Healthcare,51-200
LEAD-302,Elena ,SMITH,elena.smith@innovate.co,Founder,Finance,11-50
LEAD-303,SARAH,Chang,sarah.chang@techcorp.io,Sales Rep,Software,201-500
LEAD-304,SARAH,HASSAN,sarah.hassan@gmail.com,CEO,Finance,51-200
LEAD-305,Ahmadi,miller,ahmadi.miller@gmail.com,Founder,Manufacturing,51-200
LEAD-306,mIchael,SMITH,michael.smith@yahoo.com,Founder,Healthcare,51-200
LEAD-307, David,miller,david.miller@enterprise.com,Sales Rep,Retail,500+
LEAD-308, David,HASSAN,david.hassan@techcorp.io,Founder,Healthcare,1-10
LEAD-309,Ahmadi,Chang,ahmadi.chang@innovate.co,VP of Sales,Retail,500+
LEAD-310,Elena ,jenkins ,elena.hassan@enterprise.com,CEO,Manufacturing,
LEAD-311,mIchael,jenkins ,michael.jenkins@techcorp.io,VP of Sales,Retail,201-500
LEAD-312,Ahmadi,HASSAN,ahmadi.hassan@gmail.com,Chief Executive Officer,Manufacturing,201-500
LEAD-313,mIchael,rostova,michael.rostova@techcorp.io,Data Analyst,Retail,1-10
LEAD-314,SARAH,miller,sarah.miller@enterprise.com,Data Analyst,Software,11-50
LEAD-315,mIchael,SMITH,michael.smith@gmail.com,Chief Executive Officer,Manufacturing,1-10
LEAD-316, john,miller,john.miller@enterprise.com,Data Analyst,Retail,11-50
LEAD-317,SARAH,HASSAN,sarah.hassan@innovate.co,Chief Executive Officer,Manufacturing,51-200
LEAD-318, David,jenkins ,david.jenkins@innovate.co,Chief Executive Officer,Retail,1-10
LEAD-319, David,jenkins ,david.jenkins@gmail.com,Head of Revenue,Software,11-50
LEAD-320,Elena ,HASSAN,elena.hassan@enterprise.com,Data Analyst,Manufacturing,51-200
LEAD-321, john,miller,john.miller@enterprise.com,Chief Executive Officer,Retail,500+
LEAD-322, john,HASSAN,john.hassan@techcorp.io,Head of Revenue,Software,11-50
LEAD-323,Ahmadi,rostova,ahmadi.rostova@techcorp.io,Data Analyst,Healthcare,201-500
LEAD-324, David,Chang,david.chang@gmail.com,VP of Sales,Manufacturing,201-500
LEAD-325,mIchael,jenkins ,michael.jenkins@innovate.co,Head of Revenue,Finance,
LEAD-326,Elena ,SMITH,elena.smith@enterprise.com,Founder,Finance,11-50
LEAD-327, David,miller,david.miller@innovate.co,CEO,Healthcare,201-500
LEAD-328,Elena ,Chang,elena.chang@enterprise.com,Sales Rep,Finance,1-10
LEAD-329, David,Chang,david.chang@innovate.co,VP of Sales,Healthcare,1-10
LEAD-330,SARAH,jenkins ,elena.hassan@enterprise.com,CEO,Software,1-10
LEAD-331, john,SMITH,john.smith@innovate.co,VP of Sales,Healthcare,1-10
LEAD-332,mIchael,Chang,michael.chang@techcorp.io,Head of Revenue,Retail,201-500
LEAD-333,mIchael,miller,michael.miller@techcorp.io,Sales Rep,Finance,500+
LEAD-334,Elena ,Chang,elena.chang@enterprise.com,CEO,Manufacturing,1-10
LEAD-335,SARAH,SMITH,sarah.smith@gmail.com,Founder,Retail,51-200
LEAD-336,Ahmadi,SMITH,ahmadi.smith@innovate.co,Data Analyst,Software,11-50
LEAD-337, john,rostova,john.rostova@enterprise.com,Chief Executive Officer,Software,500+
LEAD-338,SARAH,jenkins ,sarah.jenkins@gmail.com,Founder,Healthcare,500+
LEAD-339, David,jenkins ,david.jenkins@innovate.co,Founder,Software,51-200
LEAD-340,SARAH,Chang,elena.hassan@enterprise.com,Chief Executive Officer,Retail,
LEAD-341,SARAH,Chang,sarah.chang@techcorp.io,Founder,Software,51-200
LEAD-342,Elena ,rostova,elena.rostova@innovate.co,Chief Executive Officer,Finance,500+
LEAD-343,mIchael,jenkins ,michael.jenkins@yahoo.com,Founder,Software,201-500
LEAD-344,Ahmadi,miller,ahmadi.miller@gmail.com,Head of Revenue,Healthcare,1-10
LEAD-345,Ahmadi,jenkins ,ahmadi.jenkins@yahoo.com,Data Analyst,Healthcare,51-200
LEAD-346,SARAH,jenkins ,sarah.jenkins@enterprise.com,Founder,Manufacturing,500+
LEAD-347,SARAH,Chang,sarah.chang@enterprise.com,Founder,Retail,500+
LEAD-348, David,SMITH,david.smith@innovate.co,Data Analyst,Manufacturing,201-500
LEAD-349, john,rostova,john.rostova@gmail.com,Chief Executive Officer,Software,201-500
LEAD-350,Ahmadi,SMITH,elena.hassan@enterprise.com,VP of Sales,Manufacturing,11-50
LEAD-351,Elena ,jenkins ,elena.jenkins@innovate.co,CEO,Software,500+
LEAD-352, David,SMITH,david.smith@gmail.com,CEO,Retail,201-500
LEAD-353,mIchael,jenkins ,michael.jenkins@innovate.co,Head of Revenue,Manufacturing,51-200
LEAD-354,Elena ,miller,elena.miller@enterprise.com,Data Analyst,Manufacturing,11-50
LEAD-355, john,rostova,john.rostova@yahoo.com,VP of Sales,Retail,
LEAD-356, David,HASSAN,david.hassan@enterprise.com,Head of Revenue,Healthcare,51-200
LEAD-357,SARAH,SMITH,sarah.smith@techcorp.io,CEO,Software,11-50
LEAD-358,mIchael,miller,michael.miller@innovate.co,Head of Revenue,Software,1-10
LEAD-359,mIchael,rostova,michael.rostova@techcorp.io,CEO,Manufacturing,51-200
LEAD-360,SARAH,Chang,elena.hassan@enterprise.com,Chief Executive Officer,Software,51-200
LEAD-361,mIchael,miller,michael.miller@innovate.co,Head of Revenue,Software,1-10
LEAD-362,Elena ,miller,elena.miller@innovate.co,Chief Executive Officer,Finance,1-10
LEAD-363,mIchael,Chang,michael.chang@yahoo.com,Head of Revenue,Software,51-200
LEAD-364, john,jenkins ,john.jenkins@yahoo.com,Chief Executive Officer,Software,1-10
LEAD-365,Ahmadi,Chang,ahmadi.chang@enterprise.com,Chief Executive Officer,Retail,51-200
LEAD-366,Ahmadi,jenkins ,ahmadi.jenkins@techcorp.io,Data Analyst,Manufacturing,201-500
LEAD-367,Ahmadi,rostova,ahmadi.rostova@innovate.co,Head of Revenue,Software,11-50
LEAD-368,Ahmadi,miller,ahmadi.miller@innovate.co,VP of Sales,Healthcare,51-200
LEAD-369,SARAH,Chang,sarah.chang@innovate.co,Head of Revenue,Software,51-200
LEAD-370,Elena ,SMITH,elena.hassan@enterprise.com,VP of Sales,Software,
LEAD-371,mIchael,HASSAN,michael.hassan@gmail.com,Head of Revenue,Healthcare,201-500
LEAD-372,mIchael,miller,michael.miller@yahoo.com,Founder,Manufacturing,51-200
LEAD-373,Ahmadi,jenkins ,ahmadi.jenkins@gmail.com,VP of Sales,Healthcare,11-50
LEAD-374,mIchael,HASSAN,michael.hassan@techcorp.io,Sales Rep,Healthcare,500+
LEAD-375,Ahmadi,rostova,ahmadi.rostova@techcorp.io,Head of Revenue,Finance,1-10
LEAD-376, john,SMITH,john.smith@techcorp.io,Sales Rep,Manufacturing,51-200
LEAD-377, David,Chang,david.chang@techcorp.io,CEO,Healthcare,201-500
LEAD-378,Elena ,miller,elena.miller@innovate.co,Head of Revenue,Retail,201-500
LEAD-379,Elena ,jenkins ,elena.jenkins@yahoo.com,VP of Sales,Software,201-500
LEAD-380, David,SMITH,elena.hassan@enterprise.com,Data Analyst,Software,11-50
LEAD-381,mIchael,jenkins ,michael.jenkins@techcorp.io,Data Analyst,Manufacturing,201-500
LEAD-382,Elena ,Chang,elena.chang@enterprise.com,Sales Rep,Manufacturing,201-500
LEAD-383,Ahmadi,Chang,ahmadi.chang@gmail.com,Data Analyst,Finance,51-200
LEAD-384,SARAH,jenkins ,sarah.jenkins@techcorp.io,Data Analyst,Healthcare,500+
LEAD-385,Elena ,SMITH,elena.smith@enterprise.com,Head of Revenue,Software,
LEAD-386,Ahmadi,Chang,ahmadi.chang@yahoo.com,Chief Executive Officer,Retail,51-200
LEAD-387,mIchael,Chang,michael.chang@gmail.com,Data Analyst,Retail,201-500
LEAD-388,Ahmadi,HASSAN,ahmadi.hassan@innovate.co,VP of Sales,Retail,51-200
LEAD-389, john,HASSAN,john.hassan@enterprise.com,VP of Sales,Software,11-50
LEAD-390,Elena ,miller,elena.hassan@enterprise.com,Head of Revenue,Finance,1-10
LEAD-391, john,rostova,john.rostova@techcorp.io,Founder,Retail,51-200
LEAD-392,Elena ,miller,elena.miller@gmail.com,CEO,Manufacturing,500+
LEAD-393,mIchael,miller,michael.miller@techcorp.io,Sales Rep,Finance,500+
LEAD-394,Elena ,HASSAN,elena.hassan@yahoo.com,Chief Executive Officer,Finance,201-500
LEAD-395, David,SMITH,david.smith@gmail.com,Data Analyst,Retail,201-500
LEAD-396,Elena ,SMITH,elena.smith@gmail.com,Sales Rep,Manufacturing,500+
LEAD-397,SARAH,Chang,sarah.chang@innovate.co,CEO,Manufacturing,11-50
LEAD-398, David,jenkins ,david.jenkins@enterprise.com,Head of Revenue,Software,1-10
LEAD-399,Elena ,miller,elena.miller@gmail.com,VP of Sales,Finance,1-10
